{"base_spec":"/pa/units/air/base_flyer/base_flyer.json","display_name":"Firefly","description":"!LOC:Scout - Fast. Can see far away. Does not attack.","max_health":20,"build_metal_cost":60,"unit_types":["UNITTYPE_Custom58","UNITTYPE_Scout","UNITTYPE_Mobile","UNITTYPE_Air","UNITTYPE_Basic","UNITTYPE_FactoryBuild","UNITTYPE_Offense"],"command_caps":["ORDER_Move","ORDER_Patrol","ORDER_Assist"],"navigation":{"type":"air","acceleration":90,"brake":90,"move_speed":90,"turn_speed":180,"dodge_radius":10,"dodge_multiplier":1.0,"wobble_factor":0.1,"wobble_speed":0.2},"physics":{"radius":6,"gravity_scalar":1},"recon":{"observer":{"items":[{"layer":"surface_and_air","channel":"sight","shape":"capsule","radius":250},{"layer":"underwater","channel":"sight","shape":"capsule","radius":250}]}},"model":{"filename":"/pa/units/air/air_scout/air_scout.papa","arrows":5},"events":{"build_complete":{"audio_cue":"/SE/Build_Complete/air"},"fired":{"audio_cue":"/SE/Weapons/air/air_scout_fire"},"died":{"audio_cue":"/SE/Death/Air","effect_spec":"/pa/units/air/base_flyer/base_flyer_death.pfx","effect_scale":0.5}},"audio":{"loops":{"move":{"cue":"/SE/Movement/air/air_scout_loop","flag":"vel_changed","should_start_func":"is_moving_laterally","should_stop_func":"is_not_moving"}},"selection_response":{"cue":"/SE/Selection/air/air"}},"selection_icon":{"diameter":17.0},"TEMP_texelinfo":5.39039,"mesh_bounds":[11.5,8,2]}